task_id,tang,khoi_chuc_nang,quy_trinh_cap2,tac_vu_cap3,mo_ta_ngan,input,nguon_input,output,nguoi_nhan_output,role_chinh,role_phu,tan_suat,thoi_luong_uoc_tinh_phut,he_thong_dung,buoc_thu_cong,diem_gay_pain_point,rang_buoc_phap_ly,do_tin_cay(FACT/INFERENCE),source_ids,chi_tiet_ref,can_phong_van,raw_ref,loai_tac_vu
T-BO-001,Back Office,NAV & Fund Accounting,Định giá tài sản,Xác định giá đóng cửa cổ phiếu niêm yết cho danh mục quỹ trước ngày định giá,Lấy giá đóng cửa tại ngày giao dịch gần nhất của từng cổ phiếu trong danh mục trước ngày định giá,Danh mục chứng khoán của quỹ tại ngày trước ngày định giá,Sở Giao dịch Chứng khoán (HSX/HNX),Giá định giá từng cổ phiếu cho phiên tính NAV,Bộ phận kế toán quỹ / tính NAV,,,Hàng ngày (ngày định giá),,,,,TT98/2020 và Điều lệ Quỹ — nguyên tắc định giá theo giá thị trường,FACT,S-BVFED-001,"Bản cáo bạch BVFED Phụ lục 3 mục 2.4.1 — ""đối với cổ phiếu có giao dịch: lấy giá đóng cửa tại ngày có giao dịch gần nhất""",Y,_raw/company/baovietfund-bvfed-ban-cao-bach-2018-11.pdf#p72,Vận hành
T-BO-002,Back Office,NAV & Fund Accounting,Định giá tài sản,Định giá trái phiếu không có giao dịch bằng đường cong lãi suất VBMA,Sử dụng lãi suất chiết khấu từ đường cong lãi suất VBMA để tính giá trái phiếu Chính phủ không giao dịch gần ngày định giá,Trái phiếu Chính phủ trong danh mục + đường cong lãi suất VBMA/HNX,VBMA / HNX,Giá định giá trái phiếu đã tính lãi lũy kế,Bộ phận kế toán quỹ / tính NAV,,,Hàng ngày (ngày định giá),,,,,TT98/2020 và sổ tay định giá được Ban đại diện quỹ phê duyệt,FACT,S-BVFED-001,Bản cáo bạch BVFED Phụ lục 3 mục 2.4.2 — trái phiếu niêm yết; điều kiện ưu tiên lãi suất VBMA rồi HNX,Y,_raw/company/baovietfund-bvfed-ban-cao-bach-2018-11.pdf#p72,Vận hành
T-BO-003,Back Office,NAV & Fund Accounting,Định giá tài sản,Định giá tiền gửi có kỳ hạn theo vốn gốc cộng lãi dự thu,Tính giá trị tiền gửi kỳ hạn bằng vốn gốc cộng lãi dự thu theo hợp đồng tính đến ngày trước ngày định giá,Hợp đồng tiền gửi kỳ hạn + lịch trả lãi,Ngân hàng nhận tiền gửi,Giá trị định giá tiền gửi kỳ hạn,Bộ phận kế toán quỹ / tính NAV,,,Hàng ngày (ngày định giá),,,,,Quy định tại Điều lệ Quỹ và Sổ tay định giá,FACT,S-BVFED-001,Bản cáo bạch BVFED Phụ lục 3 mục 2.2,Y,_raw/company/baovietfund-bvfed-ban-cao-bach-2018-11.pdf#p72,Vận hành
T-BO-004,Back Office,NAV & Fund Accounting,Tính NAV,Tính giá trị tài sản ròng quỹ (NAV) và NAV trên một chứng chỉ quỹ (NAV/CCQ),Tính toán tổng tài sản và trừ đi tổng nợ phải trả để ra NAV; sau đó chia cho tổng số CCQ đang lưu hành,Báo cáo tổng tài sản và tổng nợ,Bộ phận định giá,Báo cáo NAV chi tiết,Ngân hàng giám sát,Kế toán Quỹ,Nhân viên định giá,Hàng ngày/tuần,,Hệ thống kế toán quỹ,,,Thông tư 98/2020/TT-BTC,REG,"S-JD-002,S-JD-001",Quy định cách tính NAV; JD Amber Capital: Định giá tài sản cho các quỹ theo sổ tay định giá; JD HDCap: Tính và đối chiếu NAV với ngân hàng lưu ký,Y,_raw/legal/thong-tu-98-2020.pdf; _raw/jd/ambercapital-ho-tro-van-hanh.html; _raw/jd/hdcap-van-hanh.html,Vận hành
T-BO-005,Back Office,NAV & Fund Accounting,Xác nhận NAV,Gửi NAV cho ngân hàng giám sát xác nhận bằng văn bản hoặc hệ thống điện tử,Sau khi tính NAV nội bộ xong; gửi kết quả cho ngân hàng giám sát để xác nhận trước khi công bố,NAV nội bộ đã tính,Bộ phận kế toán quỹ,Xác nhận NAV từ ngân hàng giám sát,Công ty quản lý quỹ,Kế toán Quỹ,Ngân hàng giám sát,Hàng ngày (ngày định giá),,Hệ thống thông tin điện tử ngân hàng giám sát,,Nếu bị định giá sai; ngân hàng giám sát thông báo và yêu cầu điều chỉnh trong 24 giờ,Điều lệ Quỹ BVFED; TT98/2020,FACT,"S-BVFED-001,S-JD-002,S-JD-001",Bản cáo bạch BVFED trang 32; JD Amber Capital: Phối hợp ngân hàng giám sát xác nhận NAV; JD HDCap: Tính và đối chiếu NAV với ngân hàng lưu ký,N,_raw/company/baovietfund-bvfed-ban-cao-bach-2018-11.pdf#p32; _raw/jd/ambercapital-ho-tro-van-hanh.html; _raw/jd/hdcap-van-hanh.html,Vận hành
T-BO-006,Back Office,NAV & Fund Accounting,Công bố NAV,Công bố NAV/CCQ cho nhà đầu tư trên trang web và phương tiện thông tin đại chúng trong vòng 3 ngày từ ngày định giá,Sau khi có xác nhận của ngân hàng giám sát; đăng NAV lên trang web công ty quản lý quỹ và đại lý phân phối,NAV đã được xác nhận,Công ty quản lý quỹ + Ngân hàng giám sát,Thông báo NAV công khai,Nhà đầu tư / Đại lý phân phối,,,Hàng ngày (ngày định giá) — trong vòng 3 ngày,,,,,Điều lệ Quỹ BVFED; TT98/2020 Điều 20 và quy định công bố thông tin,FACT,S-BVFED-001,"Bản cáo bạch BVFED trang 32 (log trang 32): ""trong thời hạn tối đa 03 ngày kể từ ngày định giá; sau khi có xác nhận của Ngân hàng Giám sát; giá trị tài sản ròng...sẽ được công bố""",Y,_raw/company/baovietfund-bvfed-ban-cao-bach-2018-11.pdf#p32,Vận hành
T-BO-007,Back Office,NAV & Fund Accounting,Nhận lệnh mua CCQ,Kiểm tra thông tin phiếu lệnh mua của nhà đầu tư trước thời điểm đóng sổ (14h45 ngày T-1),Xác nhận phiếu lệnh giao dịch đã điền đầy đủ và chính xác; ghi nhận đầy đủ thời điểm nhận lệnh và người nhận lệnh,Phiếu lệnh mua từ nhà đầu tư,Nhà đầu tư (qua đại lý phân phối),Lệnh mua hợp lệ đã xác nhận,Đại lý chuyển nhượng / Kế toán quỹ,,,Hàng ngày (ngày giao dịch CCQ),,,Y,Phải ghi nhận đầy đủ; chính xác; kịp thời; rõ ràng về thời điểm nhận lệnh — lệnh sau 14h45 bị hủy,TT98/2020; Phụ lục XVI mẫu phiếu lệnh,FACT,S-BVFED-001,Bản cáo bạch BVFED trang 36-37 (9.2.4.2); thời điểm đóng sổ lệnh là 14h45 ngày T-1,N,_raw/company/baovietfund-bvfed-ban-cao-bach-2018-11.pdf#p36,Vận hành
T-BO-008,Back Office,NAV & Fund Accounting,Xử lý lệnh mua CCQ,Xác nhận số lượng chứng chỉ quỹ bán cho nhà đầu tư theo công thức S = M*(1-phí)/V,Dựa trên số tiền hợp lệ nhận được và giá NAV/CCQ ngày giao dịch; tính toán số lượng CCQ phân bổ cho lệnh mua,Phiếu lệnh mua hợp lệ + giá NAV/CCQ,Bộ phận chăm sóc khách hàng / Định giá,Xác nhận số lượng CCQ phân bổ,Nhà đầu tư / Đại lý phân phối,Nhân viên vận hành quỹ / Kế toán Quỹ,,Hàng ngày/tuần,,Hệ thống quản lý đại lý phân phối,,,Thông tư 98/2020/TT-BTC,REG,S-JD-001,Quy định xử lý lệnh mua chứng chỉ quỹ; JD HDCapital: Thực hiện các giao dịch CCQ của nhà đầu tư theo quy trình,Y,_raw/legal/thong-tu-98-2020.pdf; _raw/jd/hdcap-van-hanh.html,Vận hành
T-BO-009,Back Office,NAV & Fund Accounting,Xử lý lệnh bán CCQ,Kiểm tra nhà đầu tư có đủ số lượng CCQ để bán trước khi thực hiện lệnh bán,Trước khi thực hiện lệnh bán; xác nhận số CCQ còn trên tài khoản nhà đầu tư đủ theo yêu cầu,Số CCQ trên tài khoản nhà đầu tư (từ sổ đăng ký / đại lý ký danh),Đại lý chuyển nhượng / sổ đăng ký,Xác nhận lệnh bán hợp lệ hoặc từ chối,Đại lý phân phối / Nhà đầu tư,Kế toán Quỹ,,Hàng ngày (ngày giao dịch CCQ),,,,,Điều lệ Quỹ BVFED 9.2.4.3(c),FACT,S-BVFED-001,"Bản cáo bạch BVFED trang 37 (9.2.4.3): ""Lệnh bán chỉ được thực hiện khi...bảo đảm Nhà đầu tư có đủ số lượng Chứng chỉ Quỹ để bán""",Y,_raw/company/baovietfund-bvfed-ban-cao-bach-2018-11.pdf#p37,Vận hành
T-BO-010,Back Office,NAV & Fund Accounting,Thanh toán lệnh bán,Thanh toán tiền về tài khoản nhà đầu tư trong vòng 5 ngày từ ngày giao dịch CCQ,Chuyển khoản vào tài khoản đã đăng ký của nhà đầu tư sau khi trừ chi phí chuyển tiền và thuế phát sinh,Số CCQ đã bán + NAV/CCQ + tỷ lệ phí mua lại,Ngân hàng giám sát (trích tiền từ tài khoản quỹ),Chuyển khoản tiền về tài khoản nhà đầu tư,Nhà đầu tư,Kế toán Quỹ,,Trong vòng 5 ngày kể từ ngày giao dịch CCQ,,,,,"Điều lệ Quỹ BVFED 9.2.4.3(h)(i): ""Thời hạn thanh toán không quá 05 ngày""",FACT,"S-BVFED-001,S-JD-001",Bản cáo bạch BVFED trang 38 (9.2.4.3 mục i); JD HDCap: Thực hiện thanh toán tiền giao dịch chứng chỉ quỹ,Y,_raw/company/baovietfund-bvfed-ban-cao-bach-2018-11.pdf#p38; _raw/jd/hdcap-van-hanh.html,Vận hành
T-BO-011,Back Office,NAV & Fund Accounting,Phân phối lợi nhuận,Chốt danh sách nhà đầu tư và thực hiện chi trả cổ tức bằng tiền theo nghị quyết Đại hội nhà đầu tư,Chốt danh sách nhà đầu tư vào ngày chốt; tính số tiền cổ tức từng nhà đầu tư theo tỷ lệ CCQ; chuyển khoản,Danh sách nhà đầu tư và số CCQ tại ngày chốt + tỷ lệ phân chia,Sổ đăng ký nhà đầu tư (đại lý chuyển nhượng),Tiền cổ tức được chuyển về tài khoản từng nhà đầu tư,Nhà đầu tư,Kế toán Quỹ,,Hàng năm (theo kế hoạch phân phối lợi nhuận),,,,,Điều lệ Quỹ BVFED 9.2.6; TT98/2020 Điều 7,FACT,S-BVFED-001,Bản cáo bạch BVFED trang 43 — Kế hoạch phân phối lợi nhuận 2017: chốt danh sách 16/04/2018; thực hiện 15/5/2018; chuyển khoản theo tài khoản NĐT,Y,_raw/company/baovietfund-bvfed-ban-cao-bach-2018-11.pdf#p43,Vận hành
T-BO-012,Back Office,NAV & Fund Accounting,Phí & chi phí quỹ,Trích lập phí quản lý quỹ hàng tháng tính trên NAV; ngân hàng giám sát tự động trích tiền chi trả,Tính phí = 1%/năm × NAV hàng tháng; ngân hàng giám sát trích tiền từ tài khoản quỹ chuyển cho công ty quản lý quỹ,NAV của quỹ tại từng ngày tính phí,Bộ phận kế toán quỹ,Khoản chi phí quản lý quỹ tháng,Công ty quản lý quỹ,Kế toán Quỹ,,Hàng tháng,,,,,Điều lệ Quỹ BVFED 9.2.5.1 — Phí quản lý quỹ 1%/năm,FACT,S-BVFED-001,"Bản cáo bạch BVFED trang 42 (9.2.5.2): ""Ngân hàng Giám sát sẽ tự động trích tiền từ tài khoản của Quỹ để trả cho Công ty Quản lý Quỹ""",Y,_raw/company/baovietfund-bvfed-ban-cao-bach-2018-11.pdf#p42,Vận hành
T-BO-013,Back Office,NAV & Fund Accounting,Mở tài khoản nhà đầu tư,Tổng hợp thông tin KYC nhà đầu tư lần đầu giao dịch và gửi yêu cầu mở tài khoản cho đại lý chuyển nhượng,Thu thập Giấy đề nghị đăng ký giao dịch CCQ từ nhà đầu tư; gửi đại lý chuyển nhượng mở tài khoản,Giấy đề nghị đăng ký giao dịch CCQ của nhà đầu tư (đủ thông tin KYC),Nhà đầu tư (qua đại lý phân phối),Tài khoản giao dịch CCQ được mở tại đại lý chuyển nhượng,Nhà đầu tư,,,Mỗi khi có nhà đầu tư mới,,,,,TT98/2020; quy định KYC phòng chống rửa tiền,FACT,S-BVFED-001,"Bản cáo bạch BVFED trang 36 (9.2.4.2a): ""Đại lý phân phối phải tổng hợp thông tin nhận biết Nhà đầu tư...và gửi yêu cầu cho Đại lý chuyển nhượng mở tài khoản""",Y,_raw/company/baovietfund-bvfed-ban-cao-bach-2018-11.pdf#p36,Vận hành
T-BO-014,Back Office,NAV & Fund Accounting,Báo cáo giao dịch,Gửi bản xác nhận giao dịch CCQ cho nhà đầu tư trong vòng 3 ngày từ ngày giao dịch,Sau ngày giao dịch CCQ; đại lý phân phối gửi thông báo kết quả giao dịch bằng văn bản cho nhà đầu tư,Kết quả giao dịch (số CCQ được phân bổ / số tiền thanh toán),Bộ phận kế toán quỹ,Bản xác nhận giao dịch CCQ gửi nhà đầu tư,Nhà đầu tư,,,Sau mỗi ngày giao dịch — trong vòng 3 ngày,,,,,Điều lệ Quỹ BVFED 9.2.4.2(i) và 9.2.4.3(g),FACT,S-BVFED-001,"Bản cáo bạch BVFED trang 37-38: ""Trong thời hạn 03 ngày kể từ ngày giao dịch CCQ; Đại lý phân phối gửi Nhà đầu tư bản xác nhận giao dịch""",Y,_raw/company/baovietfund-bvfed-ban-cao-bach-2018-11.pdf#p37,Vận hành
T-BO-015,Back Office,NAV & Fund Accounting,Ghi nhận kế toán giao dịch,Ghi nhận biến động dòng tiền vào/ra quỹ và các giao dịch của quỹ vào sổ kế toán,Hạch toán toàn bộ giao dịch của quỹ trong ngày vào hệ thống kế toán,Chứng từ giao dịch của quỹ trong ngày,Nội bộ / Ngân hàng giám sát,Sổ kế toán quỹ cập nhật,Bộ phận kế toán quỹ,Kế toán Quỹ,,Hàng ngày,,,,,"TT98/2020 Khoản 20(a): ""Ghi nhận kế toán các giao dịch của quỹ: ghi nhận biến động phản ánh dòng tiền ra; vào quỹ""",REG,S-TT98-001,TT98/2020 Điều 1 Khoản 20(a) — định nghĩa dịch vụ quản trị quỹ,Y,_raw/legal/thuvienphapluat-TT98-2020-461197.md,Vận hành
T-BO-016,Back Office,NAV & Fund Accounting,Lập báo cáo tài chính quỹ,Lập báo cáo tài chính quỹ theo kỳ và phối hợp với tổ chức kiểm toán trong kiểm toán quỹ,Chuẩn bị số liệu và báo cáo tài chính quỹ định kỳ; hỗ trợ kiểm toán viên trong quá trình kiểm toán,Sổ kế toán quỹ + chứng từ giao dịch,Bộ phận kế toán quỹ,Báo cáo tài chính quỹ (đã kiểm toán),Công ty kiểm toán / Nhà đầu tư,Kế toán Quỹ,,Hàng năm (và bán niên),,,,,"TT98/2020 Khoản 20(b): ""Lập báo cáo tài chính quỹ; phối hợp; hỗ trợ tổ chức kiểm toán của quỹ""",REG,S-TT98-001,TT98/2020 Điều 1 Khoản 20(b) — dịch vụ quản trị quỹ,Y,_raw/legal/thuvienphapluat-TT98-2020-461197.md,Vận hành
T-BO-017,Back Office,NAV & Fund Accounting,Xác định NAV (nghĩa vụ pháp lý),Xác định giá trị tài sản ròng quỹ và NAV trên một lô chứng chỉ quỹ theo quy định pháp luật và điều lệ quỹ,Thực hiện tính NAV theo đúng quy định của TT98 và điều lệ quỹ; bảo đảm tuân thủ phương pháp được Ban đại diện quỹ phê duyệt,Bảng định giá tài sản + thông tin nợ phải trả,Bộ phận kế toán quỹ,NAV và NAV/CCQ hợp lệ theo pháp luật,Ngân hàng giám sát (xác nhận),,,Hàng định kỳ theo điều lệ quỹ,,,,,"TT98/2020 Khoản 20(c): ""Xác định giá trị tài sản ròng của quỹ; giá trị tài sản ròng trên một lô chứng chỉ quỹ""",REG,S-TT98-001,TT98/2020 Điều 1 Khoản 20(c),Y,_raw/legal/thuvienphapluat-TT98-2020-461197.md,Vận hành
T-BO-018,Back Office,NAV & Fund Accounting,Kiểm soát thời điểm đóng sổ lệnh,Bảo đảm đại lý phân phối chỉ nhận lệnh giao dịch CCQ của nhà đầu tư trước thời điểm đóng sổ lệnh theo điều lệ quỹ,Kiểm soát thời gian nhận lệnh; hủy tự động các lệnh đến sau thời điểm đóng sổ; đảm bảo không quá thời điểm đóng cửa Sở Giao dịch Chứng khoán,Phiếu lệnh của nhà đầu tư và dấu thời gian nhận lệnh,Đại lý phân phối,Xác nhận lệnh hợp lệ / từ chối lệnh trễ,Bộ phận kế toán quỹ / Đại lý chuyển nhượng,,,Hàng ngày (ngày giao dịch CCQ),,,,,"TT98/2020: ""Thời điểm đóng sổ lệnh không được muộn quá thời điểm đóng cửa thị trường""",REG,S-TT98-001,TT98/2020 — định nghĩa Thời điểm đóng sổ lệnh,Y,_raw/legal/thuvienphapluat-TT98-2020-461197.md,Vận hành
T-BO-019,Back Office,NAV & Fund Accounting,Rà soát hoạt động đại lý chuyển nhượng,Rà soát hoạt động của đại lý chuyển nhượng theo thỏa thuận để bảo đảm công ty quản lý quỹ tuân thủ quy định pháp luật,Thực hiện rà soát định kỳ hoạt động đại lý chuyển nhượng theo các điều khoản hợp đồng đã ký,Báo cáo hoạt động từ đại lý chuyển nhượng,Đại lý chuyển nhượng (VSD / tổ chức được ủy quyền),Báo cáo rà soát tuân thủ,Công ty quản lý quỹ,,,Định kỳ,,,,,"TT98/2020: ""việc rà soát hoạt động của đại lý chuyển nhượng thực hiện theo thỏa thuận giữa hai bên""",REG,S-TT98-001,TT98/2020 — trách nhiệm rà soát đại lý chuyển nhượng,Y,_raw/legal/thuvienphapluat-TT98-2020-461197.md,Vận hành
T-BO-020,Back Office,NAV & Fund Accounting,Báo cáo nội bộ và UBCKNN,Lập các báo cáo định kỳ theo quy định pháp luật hiện hành gửi UBCKNN và Bộ Tài chính,Cập nhật báo cáo nội bộ; báo cáo gửi nhà đầu tư; và các báo cáo định kỳ theo quy định UBCKNN/BTC,Số liệu kế toán và hoạt động quỹ trong kỳ,Bộ phận kế toán quỹ,Báo cáo định kỳ nộp UBCKNN và BTC,UBCKNN / Bộ Tài chính,Kế toán Quỹ,,Định kỳ (hàng tháng / quý / năm theo quy định),,,,Không báo cáo hoạt động tư vấn đầu tư định kỳ gửi UBCKNN dẫn đến bị xử phạt (Amber Capital),TT98/2020 quy định nghĩa vụ báo cáo của công ty quản lý quỹ,FACT,"S-VCAM-001,S-ENF-002,S-ENF-006","JD VCAM — Kế toán Quỹ mục 4: ""Lập các báo cáo định kỳ theo quy định pháp luật hiện hành (của UBCKNN và BTC)"",Thời báo Tài chính xử phạt Amber Capital",N,"_raw/jd/vietcapital-jd-ke-toan-quy.md; _raw/enforcement/thitruongtaichinhtiente-2-cong-ty-quan-ly-quy.md,_raw/enforcement/thoibaotaichinhvietnam-xu-phat.md",Vận hành
T-BO-021,Back Office,NAV & Fund Accounting,Lập báo cáo tài chính nội bộ,Lập báo cáo tài chính quỹ dùng trong quản lý đúng hạn và cẩn thận,Tổng hợp số liệu tài chính quỹ; lập báo cáo cho nhu cầu quản lý nội bộ,Sổ kế toán quỹ trong kỳ,Bộ phận kế toán quỹ,Báo cáo tài chính nội bộ,Ban lãnh đạo công ty quản lý quỹ,Kế toán Quỹ,,Định kỳ,,,,,Quy định nội bộ của công ty quản lý quỹ,FACT,S-VCAM-001,"JD VCAM — Kế toán Quỹ mục 1: ""Lập các báo cáo tài chính dùng trong việc quản lý đúng hạn và cẩn thận""",Y,_raw/jd/vietcapital-jd-ke-toan-quy.md,Vận hành
T-BO-022,Back Office,NAV & Fund Accounting,Cập nhật báo cáo nhà đầu tư,Cập nhật báo cáo nội bộ và báo cáo gửi nhà đầu tư theo kỳ,Tổng hợp thông tin danh mục; NAV; và hiệu suất để cập nhật báo cáo cho nhà đầu tư,Dữ liệu NAV + danh mục + kết quả kinh doanh trong kỳ,Bộ phận kế toán quỹ / đầu tư,Báo cáo nhà đầu tư (statement),Nhà đầu tư,Kế toán Quỹ,,Định kỳ,,,,Không thực hiện báo cáo tình hình danh mục đầu tư định kỳ hàng tháng cho khách hàng ủy thác (Amber Capital),Quy định công bố thông tin cho nhà đầu tư,FACT,"S-VCAM-001,S-ENF-006","JD VCAM — Kế toán Quỹ mục 3: ""Cập nhật báo cáo nội bộ; báo cáo gửi nhà đầu tư"",Thời báo Tài chính xử phạt Amber Capital",Y,"_raw/jd/vietcapital-jd-ke-toan-quy.md,_raw/enforcement/thoibaotaichinhvietnam-xu-phat.md",Vận hành
T-BO-023,Back Office,NAV & Fund Accounting,Quan hệ với tổ chức dịch vụ,Thiết lập và duy trì quan hệ với ngân hàng; công ty chứng khoán và các tổ chức cung cấp dịch vụ khác,Liên lạc; phối hợp và theo dõi dịch vụ từ các đối tác bên ngoài phục vụ hoạt động quỹ,Yêu cầu phối hợp và thông tin từ nội bộ,Nội bộ (kế toán quỹ / đầu tư),Quan hệ đối tác và dịch vụ được duy trì,Ngân hàng / Công ty chứng khoán / Tổ chức dịch vụ,Kế toán Quỹ,,Liên tục / định kỳ,,,,,Quy định phối hợp theo hợp đồng dịch vụ,FACT,S-VCAM-001,"JD VCAM — Kế toán Quỹ mục 2: ""Thiết lập quan hệ tốt với ngân hàng; công ty chứng khoán và các tổ chức cung cấp dịch vụ khác""",Y,_raw/jd/vietcapital-jd-ke-toan-quy.md,Vận hành
T-BO-024,Back Office,NAV & Fund Accounting,Chuẩn bị hồ sơ giao dịch và tái cân bằng,Hỗ trợ giám đốc quỹ chuẩn bị hồ sơ tái cân bằng danh mục; chuyển đổi; và thực hiện giao dịch mua bán chứng khoán,Chuẩn bị các tài liệu cần thiết cho lệnh giao dịch và tái cân bằng theo chỉ đạo của giám đốc quỹ,Chỉ thị đầu tư từ giám đốc quỹ,Bộ phận đầu tư,Hồ sơ lệnh giao dịch / tái cân bằng hoàn chỉnh,Giám đốc Quỹ / Bộ phận giao dịch,Chuyên viên phân tích / Kế toán Quỹ,,Theo nhu cầu,,,,,Quy định nội bộ công ty quản lý quỹ,FACT,S-VCAM-002,"JD VCAM — Analyst Officer mục Nhiệm vụ chính: ""Hỗ trợ Giám đốc Quỹ trong việc chuẩn bị hồ sơ tái cân bằng; chuyển đổi; giao dịch cũng như mua bán chứng khoán""",Y,_raw/jd/vietcapital-jd-analyst-officer-fund.md,Vận hành
T-BO-025,Back Office,NAV & Fund Accounting,Vận hành và điều hành quỹ,Phụ trách hoạt động và điều hành quỹ dưới sự giám sát của giám đốc quỹ,Thực hiện các công việc vận hành quỹ hàng ngày theo phân công từ giám đốc quỹ,Chỉ thị từ giám đốc quỹ,Bộ phận đầu tư,Quỹ hoạt động đúng theo điều lệ và quy định,Ban đại diện quỹ / UBCKNN,Chuyên viên phân tích,,Hàng ngày,,,,,Quy định nội bộ công ty quản lý quỹ,FACT,S-VCAM-002,"JD VCAM — Analyst Officer mục Nhiệm vụ chính: ""Phụ trách hoạt động và điều hành Quỹ; dưới sự giám sát của Giám đốc Quỹ""",Y,_raw/jd/vietcapital-jd-analyst-officer-fund.md,Vận hành
T-BO-026,Back Office,NAV & Fund Accounting,Đối chiếu sổ sách với fund administrator,Liên lạc với fund administrator để đảm bảo sổ sách và hồ sơ của hai bên khớp nhau,Gửi báo cáo nội bộ cho administrator; so sánh kết quả; xử lý chênh lệch,Sổ kế toán nội bộ,Bộ phận kế toán quỹ,Báo cáo đối chiếu đã xác nhận với administrator,Fund administrator,Kế toán Quỹ,,Định kỳ,,,,,Thực hành chuẩn fund accounting quốc tế,INFERENCE,S-VJ-001,"Velvetjobs Fund Accountant JD: ""Communicating with our fund administrator in order to ensure our books and records reconcile""",Y,_raw/jd/velvetjobs-jd-fund-accountant.md,Vận hành
T-BO-027,Back Office,NAV & Fund Accounting,Xử lý journal entry cuối tháng,Nhập journal entry hàng tháng và hoàn tất quy trình kết sổ cuối tháng (month-end close),Nhập các bút toán điều chỉnh cuối tháng; đối chiếu số dư; hoàn tất quy trình đóng sổ,Chứng từ giao dịch tháng + số dư tài khoản,Bộ phận kế toán quỹ,Sổ cái hoàn chỉnh sau kết sổ tháng,Kiểm toán / Ban lãnh đạo,Kế toán Quỹ,,Hàng tháng,,,,,Chuẩn mực kế toán quỹ đầu tư,INFERENCE,S-VJ-001,"Velvetjobs Fund Accountant JD: ""Entering monthly journal entries""; ""Provide support for accounting month end close""",Y,_raw/jd/velvetjobs-jd-fund-accountant.md,Vận hành
T-BO-028,Back Office,NAV & Fund Accounting,Chuẩn bị kiểm toán,Hỗ trợ chuẩn bị hồ sơ kiểm toán hàng năm và phản hồi yêu cầu từ kiểm toán viên,Tập hợp tài liệu; số liệu; giải trình theo yêu cầu của kiểm toán viên trong đợt kiểm toán,Sổ kế toán + chứng từ + hợp đồng liên quan,Bộ phận kế toán quỹ,Hồ sơ kiểm toán hoàn chỉnh,Công ty kiểm toán,Kế toán Quỹ,,Hàng năm,,,,,Luật kiểm toán; quy định kiểm toán quỹ theo TT98/2020,INFERENCE,S-JOBED-001,"Jobed.ai Fund Accountant JD: ""Assist with annual audits and respond to auditor requests""",Y,_raw/jd/jobed-ai-jd-fund-accountant.md,Vận hành
T-BO-029,Back Office,NAV & Fund Accounting,Tính NAV và định giá danh mục hàng ngày,Chuẩn bị và kiểm tra định giá danh mục quỹ và tính NAV hàng ngày; hàng tuần; hàng tháng,Thu thập giá tài sản; áp dụng phương pháp định giá; tổng hợp NAV theo lịch định giá,Giá tài sản từ thị trường + thông tin danh mục,Bộ phận kế toán quỹ,Báo cáo NAV và định giá danh mục chính thức,Ngân hàng giám sát / Nhà đầu tư,Kế toán Quỹ,,Hàng ngày/tuần/tháng,,,,,Quy định pháp luật về định giá tài sản quỹ,INFERENCE,S-JOBED-001,"Jobed.ai Fund Accountant JD: ""Prepare and review daily; weekly; and monthly fund valuations""",Y,_raw/jd/jobed-ai-jd-fund-accountant.md,Vận hành
T-BO-030,Back Office,NAV & Fund Accounting,Đối chiếu tiền và chứng khoán,Đối chiếu tiền mặt; vị thế và giao dịch của quỹ đầu tư giữa sổ sách nội bộ và tài khoản ngân hàng/lưu ký,So sánh số dư tiền và chứng khoán giữa hệ thống kế toán nội bộ với xác nhận từ ngân hàng giám sát/lưu ký,Sổ kế toán nội bộ + sao kê ngân hàng / tài khoản lưu ký,Ngân hàng giám sát / lưu ký,Báo cáo đối chiếu (reconciliation report),Bộ phận kế toán quỹ / kiểm toán,Kế toán Quỹ,,Hàng ngày,,,,,Thực hành chuẩn fund accounting quốc tế; TT98/2020 — ngân hàng giám sát kiểm tra xác nhận NAV,INFERENCE,"S-JOBED-001,S-JD-001","Jobed.ai Fund Accountant JD: ""Reconcile cash; positions; and transactions for investment funds""; JD HDCap: Đối chiếu số liệu CCQ với Đại lý phân phối và VSDC",Y,_raw/jd/jobed-ai-jd-fund-accountant.md; _raw/jd/hdcap-van-hanh.html,Vận hành
T-BO-031,Back Office,Transfer Agency & Nhà đầu tư,Kiểm soát tuân thủ,Kiểm soát tuân thủ hạn mức và tỷ lệ đầu tư của danh mục quỹ,Thực hiện giám sát và kiểm tra cơ cấu danh mục đầu tư bảo đảm không vượt quá tỷ lệ quy định,Báo cáo danh mục đầu tư,Bộ phận đầu tư / Kế toán quỹ,Báo cáo tuân thủ hạn mức đầu tư,Ban giám đốc / UBCKNN,Kiểm soát nội bộ / Tuân thủ,,Liên tục / định kỳ,,,,Tỷ lệ đầu tư vào trái phiếu NVL vượt mức 20% (chiếm 33% danh mục); không thể điều chỉnh cơ cấu trong thời hạn 3 tháng (MB Capital),"Quy định về hạn mức đầu tư chứng khoán | Quyết định 428/QĐ-UBCK, Điều 12",FACT,"S-ENF-001,S-TT98-001,S-ENF-007,S-ENF-006,S-REG-QD428","Quyết định xử phạt CTCP Quản lý quỹ MB vi phạm tỷ lệ đầu tư,Thông tư 98/2020/TT-BTC,Kết luận thanh tra MB Capital 120/KL-TT,Thời báo Tài chính xử phạt Thành Công | tuân thủ các hạn mức đầu tư",N,"_raw/enforcement/kinhtetieudung-mb-penalty.md,_raw/legal/thuvienphapluat-TT98-2020-461197.md,_raw/enforcement/thanhtra-mb-capital-xu-phat-120kl.md,_raw/enforcement/thoibaotaichinhvietnam-xu-phat.md,_raw/legal/quyet-dinh-428-qd-ubck.txt#L295;_raw/legal/quyet-dinh-428-qd-ubck.txt#L293",Vận hành
T-BO-032,Back Office,Reconciliation & Settlement,Đối chiếu giao dịch,Đối chiếu chi tiết giao dịch với hệ thống VSDC,Đối chiếu chi tiết thông tin lệnh giao dịch nội bộ với thông báo kết quả giao dịch tạm tính từ VSDC,Thông báo kết quả giao dịch tạm tính,VSDC,Báo cáo kết quả đối chiếu khớp/lệch,VSDC,Nhân viên thanh toán bù trừ,,Hàng ngày,,,,,Quy định tại Điều 5 QĐ 39/QĐ-HĐTV của VSDC,REG,S-VSD-001,QĐ 39/QĐ-HĐTV Điều 5 khoản 2: Trách nhiệm đối chiếu chi tiết giao dịch,Y,_raw/legal/vbma-qd39.pdf,Vận hành
T-BO-033,Back Office,Reconciliation & Settlement,Xác nhận thanh toán,Xác nhận khả năng thanh toán tiền và chứng khoán với VSDC,Xác nhận có đủ hoặc không có đủ tiền/chứng khoán để thanh toán các giao dịch đã khớp lệnh,Thông báo nghĩa vụ thanh toán tạm tính,VSDC,Xác nhận khả năng thanh toán,VSDC,Nhân viên thanh toán bù trừ,,Hàng ngày,,,,,Quy định tại Điều 6 và 7 QĐ 39/QĐ-HĐTV của VSDC,REG,S-VSD-001,QĐ 39/QĐ-HĐTV Điều 6 và 7: Xác nhận khả năng thanh toán tiền và phong tỏa,Y,_raw/legal/vbma-qd39.pdf,Vận hành
T-BO-034,Back Office,Reconciliation & Settlement,Xử lý sự cố thanh toán,Hỗ trợ xử lý mất khả năng thanh toán tiền bằng việc vay Quỹ hỗ trợ thanh toán,Lập đề nghị vay Quỹ hỗ trợ thanh toán khi thiếu tiền thanh toán bù trừ chứng khoán,Thông báo thiếu hụt tiền thanh toán,Hệ thống nội bộ,Đề nghị vay Quỹ hỗ trợ thanh toán,VSDC / Ngân hàng thanh toán,Nhân viên thanh toán bù trừ,,Khi phát sinh sự cố,,,,,Quy định tại Điều 13 QĐ 39/QĐ-HĐTV của VSDC,REG,S-VSD-001,QĐ 39/QĐ-HĐTV Điều 13: Hỗ trợ xử lý mất khả năng thanh toán tiền,Y,_raw/legal/vbma-qd39.pdf,Vận hành
T-BO-035,Back Office,Reconciliation & Settlement,Xử lý sự cố thanh toán,Thực hiện vay chứng khoán để xử lý mất khả năng thanh toán chứng khoán,Thực hiện thủ tục vay chứng khoán trên hệ thống VSDC trước 09h00 ngày thanh toán khi bị thiếu hụt,Thông báo thiếu hụt chứng khoán,Hệ thống nội bộ,Hồ sơ vay chứng khoán,VSDC,Nhân viên thanh toán bù trừ,,Khi phát sinh sự cố,,,,,Quy định tại Điều 14 QĐ 39/QĐ-HĐTV của VSDC,REG,S-VSD-001,QĐ 39/QĐ-HĐTV Điều 14: Hỗ trợ xử lý mất khả năng thanh toán chứng khoán,Y,_raw/legal/vbma-qd39.pdf,Vận hành
T-BO-036,Back Office,Reconciliation & Settlement,Xử lý sự cố thanh toán,Thực hiện lùi thời hạn thanh toán hoặc loại bỏ thanh toán giao dịch chứng khoán,Phối hợp với VSDC xử lý lùi thời hạn hoặc loại bỏ giao dịch khi không thể vay đủ chứng khoán,Thông báo không vay đủ chứng khoán,VSDC,Xác nhận lùi/loại bỏ giao dịch,VSDC / Khách hàng,Nhân viên thanh toán bù trừ,,Khi phát sinh sự cố,,,,,Quy định tại Điều 16 và 17 QĐ 39/QĐ-HĐTV của VSDC,REG,S-VSD-001,QĐ 39/QĐ-HĐTV Điều 16 và 17: Lùi và loại bỏ thanh toán,Y,_raw/legal/vbma-qd39.pdf,Vận hành
T-BO-037,Back Office,Reconciliation & Settlement,Phân bổ tài sản,Phân bổ tiền và chứng khoán cho khách hàng sau khi hoàn tất thanh toán,Phân bổ chính xác tiền và chứng khoán về tài khoản của khách hàng trước 13h00 ngày thanh toán,Xác nhận hoàn tất thanh toán giao dịch,VSDC,Tài khoản khách hàng được cập nhật số dư,Khách hàng / VSDC,Nhân viên thanh toán bù trừ,,Hàng ngày,,,,,Quy định tại Điều 12 QĐ 39/QĐ-HĐTV của VSDC,REG,S-VSD-001,QĐ 39/QĐ-HĐTV Điều 12 khoản 2: Trách nhiệm phân bổ tiền và chứng khoán,Y,_raw/legal/vbma-qd39.pdf,Vận hành
T-BO-038,Back Office,Reconciliation & Settlement,Thực hiện quyền,Xác nhận danh sách người sở hữu chứng khoán lưu ký để thực hiện quyền,Đối chiếu và xác nhận danh sách cổ đông/nhà đầu tư nhận cổ tức và quyền phát sinh từ chứng khoán lưu ký,Danh sách tổng hợp chốt quyền,VSDC,Xác nhận danh sách thực hiện quyền,VSDC,Nhân viên thanh toán bù trừ,,Định kỳ (khi có sự kiện quyền),,,,Bị VSD cảnh cáo do chậm xác nhận danh sách người sở hữu chứng khoán,Quy chế thực hiện quyền của VSDC,FACT,S-ENF-003,Bài báo xử phạt VSD cảnh cáo 4 công ty chứng khoán,N,_raw/enforcement/tinnhanhchungkhoan-canh-cao.html,Vận hành
T-BO-039,Back Office,Reconciliation & Settlement,Giao dịch tiền và tài sản,Thực hiện giao dịch rút/gửi tiền và mua/bán chứng chỉ tiền gửi tại ngân hàng,Làm việc trực tiếp với ngân hàng để thực hiện điều chuyển dòng tiền và quản lý thanh khoản qua chứng chỉ tiền gửi,Yêu cầu rút/gửi tiền,Ban giám đốc quỹ,Ủy nhiệm chi / chứng từ giao dịch thành công,Ngân hàng,Chuyên viên Hỗ trợ Vận hành,,Khi phát sinh nhu cầu,,,,,Quy định quản lý dòng tiền nội bộ,FACT,S-JD-002,JD Amber Capital: Liên hệ với ngân hàng để rút/gửi tiền và mua bán chứng chỉ tiền gửi,Y,_raw/jd/ambercapital-ho-tro-van-hanh.html,Vận hành
T-BO-040,Back Office,Reconciliation & Settlement,Chuyển nhượng chứng khoán OTC,Thực hiện thủ tục chuyển nhượng chứng khoán chưa niêm yết (OTC),Phối hợp xác định giá; soạn thảo hợp đồng và thực hiện thủ tục sang tên chứng khoán OTC,Hợp đồng chuyển nhượng / Yêu cầu từ bộ phận đầu tư,Bộ phận đầu tư,Hồ sơ chuyển nhượng hoàn tất,Đối tác / VSDC,Chuyên viên Hỗ trợ Vận hành,,Khi phát sinh giao dịch OTC,,,,,Luật Chứng khoán và quy định chuyển quyền sở hữu VSDC,FACT,S-JD-002,JD Amber Capital: Phối hợp soạn thảo hợp đồng và thực hiện chuyển nhượng chứng khoán chưa niêm yết,Y,_raw/jd/ambercapital-ho-tro-van-hanh.html,Vận hành
T-BO-041,Back Office,Reconciliation & Settlement,Dịch vụ Lưu ký,Ký gửi chứng khoán,Nhận ký gửi và bảo quản chứng khoán của khách hàng trên hệ thống tài khoản lưu ký,Yêu cầu ký gửi chứng khoán,Khách hàng / Thành viên lưu ký,Xác nhận ký gửi,Thành viên lưu ký,Nhân viên lưu ký,,Khi phát sinh,,Hệ thống VSDC,,,Quyết định số 34/QĐ-HĐTV ngày 29/4/2025,REG,,VSD Lưu ký chứng khoán - Dịch vụ ký gửi,Y,_raw/legal/vsd-luu-ky-chung-khoan.html,Vận hành
T-BO-042,Back Office,Reconciliation & Settlement,Dịch vụ Lưu ký,Rút chứng khoán,Xử lý yêu cầu rút chứng khoán của khách hàng khỏi hệ thống lưu ký tập trung,Yêu cầu rút chứng khoán,Khách hàng / Thành viên lưu ký,Xác nhận rút chứng khoán,Thành viên lưu ký,Nhân viên lưu ký,,Khi phát sinh,,Hệ thống VSDC,,,Quyết định số 34/QĐ-HĐTV ngày 29/4/2025,REG,,VSD Lưu ký chứng khoán - Dịch vụ rút chứng khoán,Y,_raw/legal/vsd-luu-ky-chung-khoan.html,Vận hành
T-BO-043,Back Office,Reconciliation & Settlement,Dịch vụ Lưu ký,Chuyển khoản chứng khoán không qua giao dịch,Thực hiện chuyển quyền sở hữu chứng khoán bằng ghi sổ không thông qua hệ thống giao dịch,Hồ sơ yêu cầu chuyển khoản,Thành viên lưu ký,Chứng khoán được chuyển khoản,Bên nhận,Nhân viên lưu ký,,Khi phát sinh,,Hệ thống VSDC,,,Quyết định số 34/QĐ-HĐTV ngày 29/4/2025,REG,,VSD Lưu ký chứng khoán - Chuyển khoản không qua giao dịch,Y,_raw/legal/vsd-luu-ky-chung-khoan.html,Vận hành
T-BO-044,Back Office,Reconciliation & Settlement,Dịch vụ Lưu ký,Phong tỏa và giải tỏa chứng khoán,Thực hiện phong tỏa hoặc giải tỏa chứng khoán theo yêu cầu hợp lệ của khách hàng hoặc cơ quan chức năng,Yêu cầu phong tỏa/giải tỏa,Khách hàng / Cơ quan có thẩm quyền,Trạng thái tài khoản được cập nhật,Thành viên lưu ký,Nhân viên lưu ký,,Khi phát sinh,,Hệ thống VSDC,,Không thực hiện tổng hợp và cập nhật thông tin nhận biết khách hàng định kỳ và trước khi ký hợp đồng (Amber Capital),Quyết định số 34/QĐ-HĐTV ngày 29/4/2025,FACT,S-ENF-006,"VSD Lưu ký chứng khoán - Phong tỏa và giải tỏa,Thời báo Tài chính xử phạt Amber Capital",Y,"_raw/legal/vsd-luu-ky-chung-khoan.html,_raw/enforcement/thoibaotaichinhvietnam-xu-phat.md",Vận hành
T-BO-045,Back Office,Transfer Agency & Nhà đầu tư,Thanh toán Hoa hồng,Tính và đối chiếu hoa hồng đại lý phân phối,Tính toán và đối chiếu số liệu hoa hồng trả cho đại lý phân phối chứng chỉ quỹ,Doanh số giao dịch qua đại lý,Hệ thống giao dịch / Kế toán,Bảng kê hoa hồng được đối chiếu,Đại lý phân phối,Nhân viên vận hành quỹ,,Hàng tháng,,Hệ thống quản lý quỹ,,,Hợp đồng đại lý phân phối,FACT,S-JD-001,Công ty Cổ phần Quản lý Quỹ HD - Tính và đối chiếu hoa hồng đại lý phân phối chứng chỉ quỹ,Y,_raw/jd/hdcap-van-hanh.html,Vận hành
T-BO-046,Back Office,NAV & Fund Accounting,Giao dịch CCQ,Thực hiện giao dịch CCQ trên VSDC,Thực hiện nghiệp vụ giao dịch chứng chỉ quỹ trên hệ thống của công ty và Trung tâm lưu ký,Lệnh giao dịch hợp lệ,Đại lý phân phối,Trạng thái lệnh trên VSDC,VSDC,Chuyên viên Hỗ trợ Vận hành,,Hàng ngày,,Hệ thống VSDC,,,Quy chế hoạt động lưu ký và giao dịch,FACT,S-JD-002,Amber Capital - Thực hiện nghiệp vụ giao dịch CCQ trên VSDC,Y,_raw/jd/ambercapital-ho-tro-van-hanh.html,Vận hành
T-BO-047,Back Office,Transfer Agency & Nhà đầu tư,Quản lý tài khoản,Lập và quản lý sổ đăng ký nhà đầu tư,Xác nhận quyền sở hữu và lập sổ đăng ký cho nhà đầu tư khi mua CCQ,Thông tin giao dịch mua CCQ,Nhà đầu tư / Đại lý phân phối,Sổ đăng ký nhà đầu tư được cập nhật,Nhà đầu tư / Công ty quản lý quỹ,Đại lý chuyển nhượng,,Khi phát sinh,,,,,Quy định tại khoản 1 Điều 9 Thông tư 98/2020/TT-BTC,REG,S-REG-001,Điều 9 Thông tư 98: Lập sổ đăng ký nhà đầu tư,Y,_raw/legal/thuvienphapluat-TT98-2020-461197.md,Vận hành
T-BO-048,Back Office,Transfer Agency & Nhà đầu tư,Giao dịch CCQ,Tiếp nhận lệnh giao dịch chứng chỉ quỹ,Tiếp nhận và rà soát lệnh mua bán chuyển đổi chứng chỉ quỹ từ nhà đầu tư,Lệnh giao dịch,Nhà đầu tư,Lệnh được nhập vào hệ thống,Đại lý chuyển nhượng,Đại lý phân phối,,Hàng ngày,,,,,Điều 76 Thông tư 98/2020/TT-BTC,REG,S-REG-001,Điều 76 TT98: Đại lý phân phối nhận lệnh,Y,_raw/legal/thuvienphapluat-TT98-2020-461197.md,Vận hành
T-BO-049,Back Office,Transfer Agency & Nhà đầu tư,Tuân thủ & AML,Thực hiện nhận biết khách hàng (KYC),Thu thập và xác minh thông tin định danh của nhà đầu tư khi mở tài khoản,Hồ sơ mở tài khoản,Nhà đầu tư,Hồ sơ KYC hoàn tất,Nội bộ,Chuyên viên KYC/AML,,Khi mở tài khoản,,,,,Luật PCRT 2022 và Thông tư 27/2025/TT-NHNN,REG,S-REG-002,Luật PCRT 2022: Nhận biết khách hàng,Y,_raw/legal/luatvietnam-luat-pcrt-2022.md,Vận hành
T-BO-050,Back Office,Transfer Agency & Nhà đầu tư,Tuân thủ & AML,Rà soát danh sách cảnh báo,Kiểm tra thông tin nhà đầu tư đối chiếu với danh sách cảnh báo đen/cấm giao dịch,Hồ sơ nhà đầu tư,Nhà đầu tư,Kết quả rà soát cảnh báo,Nội bộ,Chuyên viên KYC/AML,,Trước khi thiết lập quan hệ,,,,Bị phạt tiền từ 20-40 triệu nếu không rà soát trước khi thiết lập quan hệ,Nghị định 156/2020/NĐ-CP,FACT,S-ENF-004,Cổng thông tin UBCKNN: Xử phạt do không rà soát khách hàng PCRT,N,_raw/enforcement/ssc-news-xu-phat-am-2025.md,Vận hành
T-BO-051,Back Office,Transfer Agency & Nhà đầu tư,Tuân thủ & AML,Báo cáo đánh giá rủi ro rửa tiền,Lập và nộp báo cáo cập nhật rủi ro rửa tiền và kiểm toán nội bộ PCRT định kỳ,Dữ liệu giao dịch và KYC,Nội bộ,Báo cáo rủi ro AML,Ngân hàng Nhà nước / UBCKNN,Chuyên viên KYC/AML,,Định kỳ,,,,Không nộp báo cáo kiểm toán nội bộ và báo cáo đánh giá cập nhật rủi ro rửa tiền cho NHNN và UBCKNN (Amber Capital),Luật PCRT 2022,FACT,"S-ENF-005,S-ENF-006","Báo Thời báo Tài chính: Amber bị phạt do không nộp báo cáo rủi ro AML,Thời báo Tài chính xử phạt Amber Capital",N,"_raw/enforcement/ambercapital-news-xu-phat-am-2025.md,_raw/enforcement/thoibaotaichinhvietnam-xu-phat.md",Vận hành
T-BO-052,Back Office,Transfer Agency & Nhà đầu tư,Quản lý tài khoản,Mở tài khoản giao dịch chứng chỉ quỹ,Hướng dẫn và tiếp nhận hồ sơ đăng ký tài khoản giao dịch CCQ của nhà đầu tư,Giấy đăng ký mở tài khoản,Nhà đầu tư,Tài khoản được tạo,Hệ thống / Nhà đầu tư,Đại lý phân phối,,Khi phát sinh,,,,,Bản cáo bạch quỹ BVFED,FACT,S-BVFED-001,Bản cáo bạch quỹ BVFED: Hồ sơ mở tài khoản,Y,_raw/company/baovietfund-bvfed-ban-cao-bach-2018-11.pdf,Vận hành
T-BO-053,Back Office,Transfer Agency & Nhà đầu tư,Giao dịch CCQ,Áp dụng và thu phí giao dịch,Tính toán và thu phí phát hành/mua lại/chuyển đổi CCQ theo biểu phí quy định,Lệnh giao dịch,Nhà đầu tư,Khoản phí được ghi nhận,Kế toán,Đại lý chuyển nhượng,,Hàng ngày,,,,,Bản cáo bạch quỹ BVFED,FACT,S-BVFED-001,Bản cáo bạch quỹ BVFED: Biểu phí giao dịch,Y,_raw/company/baovietfund-bvfed-ban-cao-bach-2018-11.pdf,Vận hành
T-BO-054,Back Office,Performance & Risk Management,Đo lường hiệu quả,Đo lường và đánh giá hiệu quả hoạt động danh mục đầu tư (Performance Measurement),"Theo dõi tỷ suất lợi nhuận của danh mục, so sánh với chỉ số tham chiếu (benchmark) để đánh giá hiệu quả đầu tư định kỳ.","Dữ liệu NAV, danh mục đầu tư, chỉ số thị trường",Kế toán quỹ / Hệ thống thị trường,Báo cáo hiệu quả đầu tư (Performance Report),Ban điều hành / Nhà đầu tư,Quản trị rủi ro / Phân tích,,Định kỳ,,,,,,FACT,S-BVFED-001,Quỹ BVFED - Bảo Việt Fund,Y,_raw/company/baovietfund-bvfed-ban-cao-bach-2018-11.pdf,Vận hành
T-BO-055,Back Office,Performance & Risk Management,Quản trị rủi ro,"Nhận diện, đánh giá và thiết lập hạn mức rủi ro","Nhận diện các rủi ro thị trường, thanh khoản, hoạt động; đánh giá mức độ và thiết lập hạn mức cảnh báo rủi ro nội bộ.","Quy định nội bộ, dữ liệu giao dịch",Ban điều hành / Bộ phận đầu tư,"Sổ tay quản trị rủi ro, cảnh báo rủi ro",Kiểm soát nội bộ,Quản trị rủi ro,,Liên tục,,,,," | Quyết định 428/QĐ-UBCK, Điều 5, 10",REG,"S-REG-003,S-REG-QD428",Thông tư 99/2020/TT-BTC | xác định khẩu vị rủi ro dưới hình thức tuyên bố,Y,"_raw/legal/thuvienphapluat-TT99-2020.md,_raw/legal/quyet-dinh-428-qd-ubck.txt#L248",Vận hành
T-BO-056,Back Office,Performance & Risk Management,Báo cáo,Lập báo cáo hoạt động quản trị rủi ro và kiểm soát nội bộ,"Lập các báo cáo định kỳ về kiểm soát nội bộ, kết quả đo lường rủi ro và tình hình tuân thủ để gửi UBCKNN và Ban điều hành.","Dữ liệu cảnh báo, tình hình tuân thủ",Quản trị rủi ro / Kiểm soát tuân thủ,"Báo cáo quản trị rủi ro, Báo cáo kiểm soát nội bộ",UBCKNN / Ban điều hành,Quản trị rủi ro / Kiểm soát nội bộ,,Định kỳ (tháng/quý/năm),,,,Chậm trễ trong việc tổng hợp dữ liệu rủi ro từ nhiều nguồn khác nhau để làm báo cáo," | Quyết định 428/QĐ-UBCK, Điều 13, 14",REG,"S-REG-003,S-REG-QD428",Thông tư 99/2020/TT-BTC | lập báo cáo định kỳ về danh mục đầu tư và kiểm soát rủi ro,Y,"_raw/legal/thuvienphapluat-TT99-2020.md,_raw/legal/quyet-dinh-428-qd-ubck.txt#L296",Vận hành
T-BO-057,Back Office,Transfer Agency & Nhà đầu tư,Kiểm soát tài sản,Kiểm soát mục đích sử dụng tài sản ủy thác,Kiểm soát hợp đồng và giao dịch để không sử dụng tài sản ủy thác lách luật cho vay,"Bản thảo hợp đồng, chứng từ giao dịch",Đầu tư / Pháp chế,Ý kiến kiểm soát pháp lý,Ban điều hành,Kiểm soát nội bộ / Tuân thủ,,Trước khi ký kết,,,,"Sử dụng tài sản uỷ thác để cho vay dưới mọi hình thức (ký hợp đồng đặt cọc mua cổ phiếu để cho vay), bị phạt 187 triệu (Amber Capital)",,FACT,S-ENF-006,Thời báo Tài chính xử phạt Amber Capital,Y,_raw/enforcement/thoibaotaichinhvietnam-xu-phat.md,Vận hành
T-BO-058,Back Office,Performance & Risk Management,Quản trị rủi ro,"Đánh giá và cập nhật chiến lược, chính sách quản trị rủi ro định kỳ","Đánh giá lại, điều chỉnh và bổ sung các chiến lược, chính sách và quy trình quản lý rủi ro cho phù hợp với quy mô hoạt động và bối cảnh thị trường.","Chiến lược, chính sách và quy trình QTRR hiện tại",Ban điều hành,"Chiến lược, chính sách QTRR cập nhật",Hội đồng quản trị,Quản trị rủi ro,,Định kỳ hàng năm,,,,,"Quyết định 428/QĐ-UBCK, Điều 3, 9",REG,S-REG-QD428,"các chiến lược, chính sách và quy trình quản lý rủi ro của công ty phải được đánh giá lại, điều chỉnh",Y,_raw/legal/quyet-dinh-428-qd-ubck.txt#L121,Vận hành
T-BO-059,Back Office,Performance & Risk Management,Quản trị rủi ro,Dự thảo chiến lược và chính sách quản trị rủi ro trình Hội đồng quản trị,Dự thảo các chiến lược và chính sách quản trị rủi ro để trình lên Hội đồng quản trị hoặc chủ sở hữu phê duyệt và ban hành.,Đề xuất từ bộ phận nghiệp vụ,Bộ phận nghiệp vụ,Dự thảo chiến lược và chính sách QTRR,Hội đồng quản trị,Ban điều hành,Quản trị rủi ro,Khi phát sinh,,,,,"Quyết định 428/QĐ-UBCK, Điều 6",REG,S-REG-QD428,Dự thảo chiến lược và chính sách quản trị rủi ro trình hội đồng quản trị,Y,_raw/legal/quyet-dinh-428-qd-ubck.txt#L178,Vận hành
T-BO-060,Back Office,Performance & Risk Management,Quản trị rủi ro,Phổ biến chính sách quản trị rủi ro bằng văn bản cho toàn công ty,"Xây dựng chính sách quản trị rủi ro bằng văn bản và đảm bảo mọi cá nhân, bộ phận được tiếp cận và nắm vững trách nhiệm.",Chính sách QTRR đã được phê duyệt,Hội đồng quản trị,Văn bản phổ biến chính sách QTRR,Toàn bộ nhân viên,Quản trị rủi ro,Nhân sự,Khi ban hành chính sách mới,,,,,"Quyết định 428/QĐ-UBCK, Điều 11",REG,S-REG-QD428,"Chính sách quản trị rủi ro cần được xây dựng bằng văn bản, đảm bảo mọi cá nhân và bộ phận",Y,_raw/legal/quyet-dinh-428-qd-ubck.txt#L264,Vận hành
T-BO-061,Back Office,Performance & Risk Management,Quản trị rủi ro,Lưu trữ hồ sơ và tài liệu của hệ thống quản trị rủi ro,"Ghi nhận và lưu trữ đầy đủ các chính sách, quy trình, hệ thống đánh giá rủi ro và các báo cáo vi phạm để phục vụ việc giám sát.","Chính sách, quy trình, báo cáo rủi ro",Các bộ phận,Hồ sơ lưu trữ QTRR,UBCKNN / Kiểm toán nội bộ,Quản trị rủi ro,Kiểm soát nội bộ,Liên tục,,,,,"Quyết định 428/QĐ-UBCK, Điều 15",REG,S-REG-QD428,phải được lưu trữ đầy đủ và cung cấp cho Ủy ban Chứng khoán Nhà nước khi có yêu cầu bằng văn bản,Y,_raw/legal/quyet-dinh-428-qd-ubck.txt#L322,Vận hành
T-BO-062,Back Office,Performance & Risk Management,Quản trị rủi ro,Báo cáo UBCKNN danh sách nhân sự phụ trách quản trị rủi ro trong 7 ngày khi có thay đổi,"Khi thiết lập hoặc có thay đổi, bổ sung cán bộ, nhân viên quản trị rủi ro, công ty gửi Ủy ban Chứng khoán Nhà nước danh sách theo mẫu Phụ lục 02 kèm hồ sơ cá nhân trong thời hạn 7 ngày.","Danh sách và hồ sơ cá nhân cán bộ, nhân viên quản trị rủi ro mới/thay đổi",Bộ phận quản trị rủi ro / Nhân sự,"Văn bản danh sách cán bộ, nhân viên quản trị rủi ro (mẫu Phụ lục 02) kèm hồ sơ cá nhân",Ủy ban Chứng khoán Nhà nước,Quản trị rủi ro,Nhân sự,Khi phát sinh (trong 7 ngày kể từ khi thiết lập/thay đổi nhân sự QTRR),,,,,"Quyết định 428/QĐ-UBCK, Điều 4",REG,S-REG-QD428,cung cấp cho Ủy ban Chứng khoán Nhà nước danh sách theo mẫu quy định tại phụ lục số 02,Y,_raw/legal/quyet-dinh-428-qd-ubck.txt#L143,Quản trị
T-BO-063,Back Office,Performance & Risk Management,Quản trị rủi ro,"Quyết định cơ cấu tổ chức, phê duyệt chiến lược/chính sách và giám sát hệ thống quản trị rủi ro","Hội đồng quản trị/hội đồng thành viên/chủ sở hữu quyết định cơ cấu tổ chức quản trị rủi ro, phê duyệt và ban hành chiến lược, chính sách quản trị rủi ro, đồng thời kiểm tra, giám sát, đánh giá mức độ đầy đủ, hiệu quả và hiệu lực của hệ thống quản trị rủi ro.","Đề xuất cơ cấu tổ chức, dự thảo chiến lược/chính sách quản trị rủi ro từ Ban điều hành",Ban điều hành,"Quyết định cơ cấu tổ chức quản trị rủi ro; chiến lược, chính sách quản trị rủi ro được phê duyệt, ban hành",Ban điều hành / Toàn công ty,Hội đồng quản trị,,Khi phát sinh / định kỳ,,,,,"Quyết định 428/QĐ-UBCK, Điều 5",REG,S-REG-QD428,"Quyết định cơ cấu tổ chức về quản trị rủi ro của công ty, bao gồm các bộ phận cấu thành",Y,_raw/legal/quyet-dinh-428-qd-ubck.txt#L152,Quản trị
T-BO-064,Back Office,Performance & Risk Management,Quản trị rủi ro,Phân công thành viên hoặc thành lập tiểu ban phụ trách quản trị rủi ro,"Tùy quy mô hoạt động, hội đồng quản trị/hội đồng thành viên/chủ sở hữu phân công một thành viên phụ trách công tác quản trị rủi ro hoặc thành lập tiểu ban quản trị rủi ro.",,,Quyết định phân công thành viên phụ trách quản trị rủi ro hoặc thành lập tiểu ban quản trị rủi ro,Toàn công ty,Hội đồng quản trị,,Khi phát sinh,,,,,"Quyết định 428/QĐ-UBCK, Điều 5",REG,S-REG-QD428,"phân công một thành viên phụ trách công tác quản trị rủi ro, hoặc thành lập tiểu ban quản trị rủi ro",Y,_raw/legal/quyet-dinh-428-qd-ubck.txt#L160,Quản trị
T-BO-065,Back Office,Performance & Risk Management,Quản trị rủi ro,"Rà soát, thẩm định và tham mưu cho HĐQT về cơ cấu tổ chức, chiến lược, chính sách quản trị rủi ro","Thành viên phụ trách hoặc tiểu ban quản trị rủi ro rà soát, thẩm định trước khi hội đồng quản trị phê duyệt cơ cấu tổ chức, chiến lược, chính sách quản trị rủi ro do Ban điều hành dự thảo; phân tích, cảnh báo nguy cơ, rủi ro tiềm ẩn và tham mưu cho hội đồng quản trị trong việc ban hành chiến lược, chính sách quản trị rủi ro.","Dự thảo cơ cấu tổ chức, chiến lược, chính sách quản trị rủi ro từ Ban điều hành",Ban điều hành,"Ý kiến thẩm định, cảnh báo rủi ro và tham mưu gửi hội đồng quản trị",Hội đồng quản trị,Quản trị rủi ro,,Khi phát sinh,,,,,"Quyết định 428/QĐ-UBCK, Điều 5",REG,S-REG-QD428,"Rà soát, thẩm định trước khi hội đồng quản trị... phê duyệt... do ban điều hành dự thảo",Y,_raw/legal/quyet-dinh-428-qd-ubck.txt#L164,Quản trị
T-BO-066,Back Office,Performance & Risk Management,Báo cáo,Đánh giá mức độ tuân thủ quy trình quản lý rủi ro và báo cáo HĐQT định kỳ hàng năm,"Thành viên phụ trách hoặc tiểu ban quản trị rủi ro kiểm tra, đánh giá mức độ tuân thủ quy trình quản lý rủi ro của các bộ phận nghiệp vụ; định kỳ hàng năm phối hợp bộ phận quản trị rủi ro, kiểm toán nội bộ, kiểm soát nội bộ rà soát, đánh giá mức độ đầy đủ, hiệu quả, hiệu lực hệ thống quản trị rủi ro; báo cáo hội đồng quản trị và đề xuất phương án khắc phục.",Báo cáo tuân thủ quy trình quản lý rủi ro từ các bộ phận nghiệp vụ,Các bộ phận nghiệp vụ / Kiểm toán nội bộ / Kiểm soát nội bộ,"Báo cáo đánh giá hiệu quả, hiệu lực hệ thống quản trị rủi ro kèm đề xuất khắc phục",Hội đồng quản trị,Quản trị rủi ro,Kiểm toán nội bộ / Kiểm soát nội bộ,Định kỳ hàng năm,,,,,"Quyết định 428/QĐ-UBCK, Điều 5",REG,S-REG-QD428,"định kỳ hàng năm phối hợp với bộ phận quản trị rủi ro... rà soát, đánh giá mức độ đầy đủ, hiệu quả",Y,_raw/legal/quyet-dinh-428-qd-ubck.txt#L166,Vận hành
T-BO-067,Back Office,Performance & Risk Management,Quản trị rủi ro,Ban hành quy chế hoạt động của tiểu ban quản trị rủi ro,"Trường hợp thành lập tiểu ban quản trị rủi ro, hội đồng quản trị/hội đồng thành viên/chủ sở hữu ban hành quy chế hoạt động của tiểu ban gồm quyền, trách nhiệm, tổ chức họp, biểu quyết, biên bản, cơ chế phối hợp và bảo mật thông tin.",,,Quy chế hoạt động tiểu ban quản trị rủi ro,Tiểu ban quản trị rủi ro,Hội đồng quản trị,,Khi phát sinh (khi thành lập tiểu ban),,,,,"Quyết định 428/QĐ-UBCK, Điều 5",REG,S-REG-QD428,"cần ban hành quy chế hoạt động của tiểu ban quản trị rủi ro, bao gồm các quy định về quyền, trách nhiệm",Y,_raw/legal/quyet-dinh-428-qd-ubck.txt#L172,Quản trị
T-BO-068,Back Office,Performance & Risk Management,Quản trị rủi ro,Tổ chức triển khai thực hiện chiến lược và chính sách quản trị rủi ro sau khi được phê duyệt,"Ban điều hành tổ chức triển khai thực hiện chiến lược và chính sách quản trị rủi ro sau khi đã được hội đồng quản trị/hội đồng thành viên/chủ sở hữu phê duyệt, ban hành.","Chiến lược, chính sách quản trị rủi ro đã được phê duyệt",Hội đồng quản trị,"Kế hoạch/hoạt động triển khai chiến lược, chính sách quản trị rủi ro",Các bộ phận trong công ty,Ban điều hành,,Khi ban hành chính sách mới,,,,,"Quyết định 428/QĐ-UBCK, Điều 6",REG,S-REG-QD428,Tổ chức triển khai thực hiện chiến lược và chính sách quản trị rủi ro sau khi đã được... phê duyệt,Y,_raw/legal/quyet-dinh-428-qd-ubck.txt#L180,Quản trị
T-BO-069,Back Office,Performance & Risk Management,Quản trị rủi ro,"Giám sát tuân thủ chiến lược, chính sách quản trị rủi ro; bố trí nhân sự và phổ biến kiến thức quản lý rủi ro","Ban điều hành giám sát bảo đảm hoạt động quản trị rủi ro thực hiện phù hợp với chiến lược, chính sách; các quy trình quản lý rủi ro được tuân thủ đầy đủ; bố trí đủ nhân sự và nguồn lực tài chính; thường xuyên cập nhật, phổ biến kiến thức, kinh nghiệm quản lý rủi ro cho cán bộ, nhân sự công ty.",Báo cáo tuân thủ quy trình quản lý rủi ro từ các bộ phận,Các bộ phận nghiệp vụ,Kế hoạch bố trí nhân sự quản trị rủi ro; tài liệu/chương trình phổ biến kiến thức quản lý rủi ro,Các bộ phận trong công ty,Ban điều hành,,Liên tục,,,,,"Quyết định 428/QĐ-UBCK, Điều 6",REG,S-REG-QD428,"bố trí đủ nhân sự phù hợp với yêu cầu... thường xuyên cập nhật, phổ biến kiến thức kinh nghiệm",Y,_raw/legal/quyet-dinh-428-qd-ubck.txt#L182,Quản trị
T-BO-070,Back Office,Performance & Risk Management,Báo cáo,Báo cáo HĐQT định kỳ hàng quý về công tác quản trị rủi ro,"Định kỳ hàng quý, Ban điều hành báo cáo hội đồng quản trị/hội đồng thành viên/chủ sở hữu về công tác quản trị rủi ro, đánh giá tính phù hợp, hiệu quả, hiệu lực của hệ thống quản trị rủi ro và mức độ đầy đủ của các chính sách, quy định, quy trình quản lý rủi ro.","Số liệu, tình hình hoạt động quản trị rủi ro trong quý",Bộ phận quản trị rủi ro,Báo cáo quý về công tác quản trị rủi ro,Hội đồng quản trị,Ban điều hành,,Định kỳ hàng quý,,,,,"Quyết định 428/QĐ-UBCK, Điều 6",REG,S-REG-QD428,"Định kỳ hàng quý, báo cáo hội đồng quản trị... về công tác quản trị rủi ro; đánh giá tính phù hợp",Y,_raw/legal/quyet-dinh-428-qd-ubck.txt#L184,Vận hành
T-BO-071,Back Office,Performance & Risk Management,Quản trị rủi ro,Phân công thành viên Ban điều hành phụ trách công tác quản trị rủi ro,Ban điều hành phân công một thành viên trong Ban điều hành phụ trách công tác quản trị rủi ro.,,,Quyết định phân công thành viên Ban điều hành phụ trách quản trị rủi ro,Toàn công ty,Ban điều hành,,Khi phát sinh,,,,,"Quyết định 428/QĐ-UBCK, Điều 6",REG,S-REG-QD428,Ban điều hành phân công một thành viên trong ban điều hành phụ trách công tác quản trị rủi ro,Y,_raw/legal/quyet-dinh-428-qd-ubck.txt#L186,Quản trị
T-BO-072,Back Office,Performance & Risk Management,Quản trị rủi ro,Thành lập bộ phận quản trị rủi ro hoặc giao bộ phận kiểm soát nội bộ thực hiện nhiệm vụ quản trị rủi ro,"Tùy quy mô hoạt động, Ban điều hành quyết định thành lập bộ phận quản trị rủi ro hoặc yêu cầu bộ phận kiểm soát nội bộ thực hiện các nhiệm vụ quản trị rủi ro.",,,Quyết định thành lập bộ phận quản trị rủi ro hoặc phân giao nhiệm vụ cho kiểm soát nội bộ,Bộ phận quản trị rủi ro / Kiểm soát nội bộ,Ban điều hành,,Khi phát sinh,,,,,"Quyết định 428/QĐ-UBCK, Điều 6",REG,S-REG-QD428,ban điều hành được thành lập bộ phận quản trị rủi ro hoặc yêu cầu bộ phận kiểm soát nội bộ thực hiện,Y,_raw/legal/quyet-dinh-428-qd-ubck.txt#L188,Quản trị
T-BO-073,Back Office,Performance & Risk Management,Quản trị rủi ro,Xây dựng mô hình nội bộ để quản lý rủi ro,"Bộ phận quản trị rủi ro nghiên cứu, phát triển, dự thảo chiến lược, chính sách quản trị rủi ro trình Ban điều hành trình hội đồng quản trị phê duyệt, ban hành; đồng thời xây dựng các mô hình nội bộ để quản lý rủi ro.",,,"Mô hình nội bộ quản lý rủi ro; dự thảo chiến lược, chính sách quản trị rủi ro",Ban điều hành,Quản trị rủi ro,,Khi phát sinh,,,,,"Quyết định 428/QĐ-UBCK, Điều 6",REG,S-REG-QD428,xây dựng các mô hình nội bộ để quản lý rủi ro,Y,_raw/legal/quyet-dinh-428-qd-ubck.txt#L192,Vận hành
T-BO-074,Back Office,Performance & Risk Management,Quản trị rủi ro,"Giám sát khẩu vị rủi ro và giới hạn rủi ro của các bộ phận nghiệp vụ; trực tiếp quản lý rủi ro hoạt động, uy tín, tuân thủ","Bộ phận quản trị rủi ro tổng hợp thông tin, giám sát các bộ phận nghiệp vụ tổ chức thực hiện quản trị rủi ro, bảo đảm rủi ro phát sinh không vượt khẩu vị và giới hạn rủi ro; giám sát hoạt động quản trị khẩu vị rủi ro và tuân thủ giới hạn rủi ro; trực tiếp thực hiện quản lý rủi ro hoạt động, rủi ro uy tín, rủi ro tuân thủ.",Báo cáo rủi ro từ các bộ phận nghiệp vụ,Các bộ phận nghiệp vụ,Báo cáo giám sát khẩu vị/giới hạn rủi ro,Ban điều hành,Quản trị rủi ro,,Liên tục,,,,,"Quyết định 428/QĐ-UBCK, Điều 6",REG,S-REG-QD428,bảo đảm các rủi ro phát sinh tiềm ẩn... không vượt qua các khẩu vị rủi ro và giới hạn rủi ro,Y,_raw/legal/quyet-dinh-428-qd-ubck.txt#L194,Vận hành
T-BO-075,Back Office,Performance & Risk Management,Quản trị rủi ro,"Định dạng, định lượng, kiểm thử trạng thái rủi ro và tổng hợp báo cáo rủi ro từ các bộ phận nghiệp vụ","Bộ phận quản trị rủi ro định dạng, định lượng, kiểm thử trạng thái rủi ro; kiểm soát rủi ro tiềm tàng; phân bổ nguồn lực quản lý rủi ro; tổ chức thực hiện, giám sát thực thi chính sách, quy trình quản lý rủi ro và xử lý rủi ro hàng ngày; tiếp nhận, theo dõi, tổng hợp báo cáo về rủi ro thị trường, thanh khoản, thanh toán từ các bộ phận nghiệp vụ; điều phối công tác quản trị rủi ro giữa các bộ phận.","Báo cáo rủi ro thị trường, thanh khoản, thanh toán từ các bộ phận nghiệp vụ",Các bộ phận nghiệp vụ,Báo cáo tổng hợp trạng thái rủi ro; kế hoạch xử lý rủi ro hàng ngày,Ban điều hành,Quản trị rủi ro,,Hàng ngày,,,,,"Quyết định 428/QĐ-UBCK, Điều 6",REG,S-REG-QD428,"tiếp nhận, theo dõi, tổng hợp các báo cáo về rủi ro và xử lý rủi ro từ các bộ phận nghiệp vụ",Y,_raw/legal/quyet-dinh-428-qd-ubck.txt#L196,Vận hành
T-BO-076,Back Office,Performance & Risk Management,Báo cáo,Báo cáo Ban điều hành hàng tháng về quản lý rủi ro và báo cáo 6 tháng về hiệu quả hệ thống QTRR,"Định kỳ hàng tháng, bộ phận quản trị rủi ro báo cáo Ban điều hành về các vấn đề liên quan tới công tác quản lý rủi ro, các giới hạn rủi ro bị vượt và giải pháp xử lý; định kỳ sáu tháng, báo cáo Ban điều hành về hiệu quả hoạt động của hệ thống quản trị rủi ro.",Dữ liệu giám sát rủi ro trong kỳ,Bộ phận quản trị rủi ro,Báo cáo tháng về quản lý rủi ro; báo cáo 6 tháng về hiệu quả hệ thống quản trị rủi ro,Ban điều hành,Quản trị rủi ro,,Định kỳ hàng tháng / 6 tháng,,,,,"Quyết định 428/QĐ-UBCK, Điều 6",REG,S-REG-QD428,"Định kỳ hàng tháng, báo cáo ban điều hành về các vấn đề liên quan tới công tác quản lý rủi ro",Y,_raw/legal/quyet-dinh-428-qd-ubck.txt#L198,Vận hành
T-BO-077,Back Office,Performance & Risk Management,Quản trị rủi ro,Bộ phận kiểm toán nội bộ và kiểm soát nội bộ tham gia công tác quản trị rủi ro theo Thông tư 212/2012/TT-BTC,"Bộ phận kiểm toán nội bộ tham gia quản trị rủi ro theo điểm b, c khoản 3 Điều 9 Thông tư 212/2012/TT-BTC; bộ phận kiểm soát nội bộ tham gia quản trị rủi ro theo điểm c khoản 1 Điều 10 Thông tư 212/2012/TT-BTC.",,,Hoạt động tham gia quản trị rủi ro của kiểm toán nội bộ/kiểm soát nội bộ theo phân công tại TT212/2012,Ban điều hành,Kiểm toán nội bộ,Kiểm soát nội bộ,Liên tục,,,,,"Quyết định 428/QĐ-UBCK, Điều 7",REG,S-REG-QD428,"có trách nhiệm tham gia công tác quản trị rủi ro theo điểm b, điểm c khoản 3 Điều 9 Thông tư",Y,_raw/legal/quyet-dinh-428-qd-ubck.txt#L202,Quản trị
T-BO-078,Back Office,Performance & Risk Management,Quản trị rủi ro,"Bảo đảm công tác quản trị rủi ro toàn công ty tuân thủ chính sách, quy trình đã phê duyệt","Bộ phận kiểm soát nội bộ trực tiếp (nếu công ty không thành lập bộ phận quản trị rủi ro) hoặc phối hợp với bộ phận quản trị rủi ro giúp Ban điều hành đảm bảo công tác quản trị rủi ro trong toàn công ty tuân thủ theo các chính sách, quy trình quản lý rủi ro đã phê duyệt và quy định pháp luật khác.",,,Báo cáo/ý kiến bảo đảm tuân thủ quản trị rủi ro toàn công ty,Ban điều hành,Kiểm soát nội bộ,Quản trị rủi ro,Liên tục,,,,,"Quyết định 428/QĐ-UBCK, Điều 7",REG,S-REG-QD428,giúp ban điều hành đảm bảo công tác quản trị rủi ro trong toàn công ty được tuân thủ theo các chính sách,Y,_raw/legal/quyet-dinh-428-qd-ubck.txt#L210,Vận hành
T-BO-079,Back Office,Performance & Risk Management,Quản trị rủi ro,Tuân thủ chính sách và quy trình quản lý rủi ro trong hoạt động nghiệp vụ,Các bộ phận nghiệp vụ tuân thủ chính sách và các quy trình quản lý rủi ro trong mọi hoạt động nghiệp vụ của mình.,,,Hoạt động nghiệp vụ tuân thủ chính sách/quy trình quản lý rủi ro,Bộ phận quản trị rủi ro,Các bộ phận nghiệp vụ,,Liên tục,,,,,"Quyết định 428/QĐ-UBCK, Điều 8",REG,S-REG-QD428,Tuân thủ chính sách và các quy trình quản lý rủi ro trong mọi hoạt động nghiệp vụ của mình,Y,_raw/legal/quyet-dinh-428-qd-ubck.txt#L216,Vận hành
T-BO-080,Back Office,Performance & Risk Management,Quản trị rủi ro,Đề xuất khẩu vị rủi ro và giới hạn rủi ro cấu thành trong hoạt động nghiệp vụ,"Bộ phận nghiệp vụ tổng hợp thông tin, phân tích, đề xuất chiến lược quản trị rủi ro cấu thành; phối hợp xây dựng chiến lược, chính sách quản trị rủi ro; đề xuất khẩu vị rủi ro tiềm tàng và giới hạn rủi ro trong hoạt động nghiệp vụ; xây dựng khái niệm rủi ro, kỹ thuật định dạng, định lượng, xác lập giới hạn từng rủi ro cấu thành.",,,"Đề xuất khẩu vị rủi ro, giới hạn rủi ro cấu thành theo nghiệp vụ",Bộ phận quản trị rủi ro,Các bộ phận nghiệp vụ,,Khi phát sinh,,,,,"Quyết định 428/QĐ-UBCK, Điều 8",REG,S-REG-QD428,đề xuất về khẩu vị rủi ro tiềm tàng và giới hạn rủi ro trong hoạt động nghiệp vụ của mình,Y,_raw/legal/quyet-dinh-428-qd-ubck.txt#L218,Vận hành
T-BO-081,Back Office,Performance & Risk Management,Quản trị rủi ro,"Kiểm soát, giám sát và báo cáo rủi ro phát sinh tại bộ phận nghiệp vụ","Bộ phận nghiệp vụ kiểm soát, giám sát các rủi ro phát sinh trong hoạt động nghiệp vụ tại bộ phận; báo cáo rủi ro cho Ban điều hành thông qua bộ phận quản trị rủi ro (nếu có) và đề xuất, thực hiện phương án xử lý.",,,Báo cáo rủi ro phát sinh và đề xuất phương án xử lý,Ban điều hành / Bộ phận quản trị rủi ro,Các bộ phận nghiệp vụ,,Khi phát sinh,,,,,"Quyết định 428/QĐ-UBCK, Điều 8",REG,S-REG-QD428,báo cáo rủi ro cho ban điều hành thông qua bộ phận quản trị rủi ro (nếu có) và đề xuất phương án xử lý,Y,_raw/legal/quyet-dinh-428-qd-ubck.txt#L220,Vận hành
T-BO-082,Back Office,Performance & Risk Management,Quản trị rủi ro,Phân công đầu mối quản trị rủi ro tại bộ phận nghiệp vụ,"Trưởng bộ phận nghiệp vụ trực tiếp thực hiện hoặc phân công nhân viên có kinh nghiệm làm đầu mối (chuyên trách hoặc kiêm nhiệm) thực hiện công tác quản trị rủi ro tại bộ phận: giám sát, kiểm soát giao dịch, hoạt động nghiệp vụ để nhận diện, phòng ngừa rủi ro.",,,Quyết định phân công đầu mối quản trị rủi ro tại bộ phận,Bộ phận quản trị rủi ro,Trưởng bộ phận nghiệp vụ,,Khi phát sinh,,,,,"Quyết định 428/QĐ-UBCK, Điều 8",REG,S-REG-QD428,phân công một hoặc một số nhân viên có kinh nghiệm... làm đầu mối... thực hiện công tác quản trị rủi ro,Y,_raw/legal/quyet-dinh-428-qd-ubck.txt#L222,Quản trị
T-BO-083,Back Office,Performance & Risk Management,Quản trị rủi ro,Xây dựng bảng giới hạn rủi ro theo mẫu quy định,"Công ty xác lập giới hạn rủi ro kèm theo khẩu vị rủi ro theo mẫu bảng giới hạn rủi ro tại Phụ lục 04; giới hạn rủi ro có thể lượng hóa hoặc xác định định tính, phân bổ theo bộ phận nghiệp vụ, loại sản phẩm, kỳ hạn, mức độ tập trung vị thế.",,,Bảng giới hạn rủi ro (theo mẫu Phụ lục 04),Ban điều hành / Các bộ phận nghiệp vụ,Quản trị rủi ro,,Định kỳ / khi điều chỉnh,,,,,"Quyết định 428/QĐ-UBCK, Điều 10",REG,S-REG-QD428,Khẩu vị rủi ro được xác lập kèm theo giới hạn rủi ro. Mẫu bảng giới hạn rủi ro... phụ lục số 04,Y,_raw/legal/quyet-dinh-428-qd-ubck.txt#L258,Vận hành
T-BO-084,Back Office,Performance & Risk Management,Quản trị rủi ro,Thiết lập ngưỡng cảnh báo rủi ro và xử lý khi bị vượt ngưỡng,"Ban điều hành xác lập các ngưỡng cảnh báo rủi ro thấp hơn giới hạn rủi ro đã phê duyệt; khi ngưỡng cảnh báo bị vượt, bộ phận nghiệp vụ thông báo ngay cho bộ phận quản trị rủi ro, Ban điều hành để có phương án xử lý kịp thời.",Số liệu giá trị rủi ro theo thời gian thực,Các bộ phận nghiệp vụ,Ngưỡng cảnh báo rủi ro; thông báo vượt ngưỡng và phương án xử lý,Bộ phận quản trị rủi ro / Ban điều hành,Ban điều hành,Các bộ phận nghiệp vụ,Liên tục,,,,,"Quyết định 428/QĐ-UBCK, Điều 10",REG,S-REG-QD428,"ban điều hành xác lập các ngưỡng cảnh báo rủi ro, thấp hơn giá trị giới hạn rủi ro đã được phê duyệt",Y,_raw/legal/quyet-dinh-428-qd-ubck.txt#L260,Vận hành
T-BO-085,Back Office,Performance & Risk Management,Quản trị rủi ro,Rà soát và cập nhật quy trình quản lý rủi ro thường xuyên,"Quy trình quản lý rủi ro cần được thường xuyên rà soát, kịp thời cập nhật, điều chỉnh để bảo đảm hiệu quả cao.",,,Quy trình quản lý rủi ro đã cập nhật,Toàn công ty,Quản trị rủi ro,,Thường xuyên,,,,,"Quyết định 428/QĐ-UBCK, Điều 11",REG,S-REG-QD428,"Quy trình quản lý rủi ro cần được thường xuyên rà soát, và kịp thời cập nhật, điều chỉnh",Y,_raw/legal/quyet-dinh-428-qd-ubck.txt#L280,Vận hành
T-BO-086,Back Office,Performance & Risk Management,Quản trị rủi ro,"Xây dựng và thực hiện chiến lược, chính sách quản trị rủi ro cho quỹ và danh mục ủy thác","Công ty quản lý quỹ xây dựng chiến lược, chính sách quản trị rủi ro cho các quỹ, danh mục của khách hàng ủy thác phù hợp mục tiêu đầu tư, danh mục, loại hình quỹ, điều lệ quỹ, hợp đồng quản lý; chủ động thực hiện quy trình quản lý rủi ro theo chiến lược, chính sách đã xây dựng, trong phạm vi và hạn chế đầu tư quy định tại điều lệ quỹ, hợp đồng quản lý và pháp luật; cập nhật chiến lược, chính sách tối thiểu một năm một lần.","Điều lệ quỹ, hợp đồng quản lý đầu tư, mức chấp nhận rủi ro của khách hàng ủy thác",Ban đại diện quỹ / Khách hàng ủy thác,"Chiến lược, chính sách quản trị rủi ro riêng cho từng quỹ/danh mục ủy thác",Ban đại diện quỹ / Khách hàng ủy thác,Quản trị rủi ro,,Định kỳ (tối thiểu 1 năm/lần),,,,,"Quyết định 428/QĐ-UBCK, Điều 12, 13",REG,S-REG-QD428,"công ty quản lý quỹ có trách nhiệm xây dựng chiến lược, chính sách quản trị rủi ro cho các quỹ",Y,_raw/legal/quyet-dinh-428-qd-ubck.txt#L289,Vận hành
T-BO-087,Back Office,Performance & Risk Management,Báo cáo,"Theo dõi, nhận diện và báo cáo rủi ro tiềm tàng trong danh mục quỹ; xử lý khi vượt ngưỡng hoặc giới hạn rủi ro","Nhân viên điều hành quỹ, bộ phận quản lý tài sản theo dõi, định dạng, nhận diện, định lượng, báo cáo bộ phận quản trị rủi ro và Ban điều hành về rủi ro tiềm tàng trong danh mục quỹ, khách hàng; khi vượt ngưỡng cảnh báo, công ty xử lý điều chỉnh xuống dưới ngưỡng; khi vượt giới hạn rủi ro, công ty lấy ý kiến ban đại diện quỹ, khách hàng ủy thác (nếu không được toàn quyền quyết định) và xử lý theo quy trình quản lý rủi ro đã phê duyệt.",Dữ liệu danh mục đầu tư của quỹ/khách hàng ủy thác,Bộ phận đầu tư / Kế toán quỹ,Báo cáo rủi ro danh mục; phương án xử lý khi vượt ngưỡng/giới hạn,Bộ phận quản trị rủi ro / Ban điều hành / Ban đại diện quỹ,Nhân viên điều hành quỹ,Quản trị rủi ro,Liên tục,,,,,"Quyết định 428/QĐ-UBCK, Điều 12",REG,S-REG-QD428,"có trách nhiệm theo dõi, định dạng, nhận diện, định lượng, báo cáo bộ phận quản trị rủi ro",Y,_raw/legal/quyet-dinh-428-qd-ubck.txt#L293,Vận hành
